<?xml version="1.0" encoding="UTF-8" standalone="yes"?>
<addon id="plugin.program.skylex.wizard" name="SKYLEX.Wizard" version="0.0.1" provider-name="TVsupertuga">
  <requires>
    <import addon="xbmc.python" version="2.1.0"/>
  </requires>
  <extension point="xbmc.python.pluginsource" library="default.py">
        <provides>video executable</provides>
  </extension>
  <extension point="xbmc.addon.metadata">
    <summary lang="en">Team Pancas TVsupertuga Build Wizard</summary>
    <description lang="en">EASY INSTALL WITH KODI / XBMC WIZARD 
COMMUNITY BUILDS FOR WRITING THE FORCE CLOSE FUNCTION AND ANY OTHER DEVS WHO CREATED ANY MODULES USED!!
CREDIT TO TEAM-PANCAS TV-SUPER TUGA FOR HIS SUPPORT AND FRIENDSHIP</description>
    <platform>all</platform>
  </extension>
</addon>
